fold,c-index
0,0.6666666666666666
1,0.8043478260869565
2,0.7
3,0.7
4,0.7375
