fold,c-index
0,0.4731182795698925
1,0.6739130434782609
2,0.5625
3,0.35
4,0.725
